{
    "metrics": {
        "group_duration": {
            "p(95)": 675.45090625,
            "avg": 235.36313855008845,
            "min": 3.826333,
            "med": 41.014104,
            "max": 831.959875,
            "p(90)": 651.0832538999999
        },
        "login_duration": {
            "med": 31.6965,
            "max": 191.105,
            "p(90)": 76.1072,
            "p(95)": 91.42054999999998,
            "avg": 40.639619015957436,
            "min": 18.409,
            "thresholds": {
                "p(95)<300": false
            }
        },
        "http_req_duration{expected_response:true}": {
            "avg": 19.045532823666317,
            "min": 1.333,
            "med": 7.855,
            "max": 191.105,
            "p(90)": 48.03440000000001,
            "p(95)": 66.25519999999997
        },
        "iteration_duration": {
            "med": 2701.8955625,
            "max": 2967.022542,
            "p(90)": 2795.10115,
            "p(95)": 2826.7059313500004,
            "avg": 2716.2613053271252,
            "min": 2634.167333
        },
        "get_limits_duration": {
            "max": 128.93,
            "p(90)": 28.129600000000003,
            "p(95)": 42.74489999999998,
            "avg": 11.23539561170212,
            "min": 2.459,
            "med": 5.116,
            "thresholds": {
                "p(95)<200": false
            }
        },
        "get_transactions_duration": {
            "med": 6.621,
            "max": 137.205,
            "p(90)": 39.186800000000005,
            "p(95)": 54.66934999999996,
            "avg": 14.7909767287234,
            "min": 2.963,
            "thresholds": {
                "p(95)<300": false
            }
        },
        "http_req_waiting": {
            "avg": 19.476645392899897,
            "min": 1.312,
            "med": 9.556,
            "max": 243.759,
            "p(90)": 48.875,
            "p(95)": 66.678
        },
        "data_received": {
            "count": 14748085,
            "rate": 40805.348508925046
        },
        "http_req_failed": {
            "passes": 1504,
            "fails": 6017,
            "thresholds": {
                "rate<0.01": true
            },
            "value": 0.1999734077915171
        },
        "http_req_receiving": {
            "avg": 0.08715809067943038,
            "min": 0.009,
            "med": 0.046,
            "max": 20.265,
            "p(90)": 0.115,
            "p(95)": 0.16
        },
        "http_req_blocked": {
            "avg": 0.03261388113282724,
            "min": 0.001,
            "med": 0.004,
            "max": 32.227,
            "p(90)": 0.01,
            "p(95)": 0.015
        },
        "http_req_sending": {
            "min": 0.002,
            "med": 0.016,
            "max": 45.34,
            "p(90)": 0.035,
            "p(95)": 0.056,
            "avg": 0.05599787262332037
        },
        "errors": {
            "passes": 0,
            "fails": 7520,
            "thresholds": {
                "rate<0.05": false
            },
            "value": 0
        },
        "http_req_tls_handshaking": {
            "avg": 0,
            "min": 0,
            "med": 0,
            "max": 0,
            "p(90)": 0,
            "p(95)": 0
        },
        "vus": {
            "value": 1,
            "min": 0,
            "max": 20
        },
        "http_req_duration": {
            "p(90)": 49.144,
            "p(95)": 67.132,
            "avg": 19.619801356202668,
            "min": 1.333,
            "med": 9.733,
            "max": 243.813,
            "thresholds": {
                "p(95)<500": false,
                "p(99)<1000": false
            }
        },
        "data_sent": {
            "count": 2598175,
            "rate": 7188.691708935522
        },
        "http_reqs": {
            "count": 7521,
            "rate": 20.809279722460595
        },
        "checks": {
            "passes": 10529,
            "fails": 0,
            "value": 1
        },
        "vus_max": {
            "value": 20,
            "min": 20,
            "max": 20
        },
        "http_req_connecting": {
            "avg": 0.006896556309001461,
            "min": 0,
            "med": 0,
            "max": 18.509,
            "p(90)": 0,
            "p(95)": 0
        },
        "iterations": {
            "count": 1504,
            "rate": 4.16130257978736
        },
        "create_transaction_duration": {
            "med": 12.221,
            "max": 243.813,
            "p(90)": 52.6992,
            "p(95)": 71.36244999999997,
            "avg": 21.917257313829786,
            "min": 3.71,
            "thresholds": {
                "p(95)<500": false
            }
        },
        "get_profile_duration": {
            "min": 1.333,
            "med": 3.481,
            "max": 106.177,
            "p(90)": 26.823700000000002,
            "p(95)": 38.53074999999999,
            "avg": 9.51064428191489,
            "thresholds": {
                "p(95)<200": false
            }
        }
    },
    "setup_data": {
        "ready": true
    },
    "root_group": {
        "id": "d41d8cd98f00b204e9800998ecf8427e",
        "groups": {
            "setup": {
                "name": "setup",
                "path": "::setup",
                "id": "5c0f8025f7e0b6654089e5b00e950f1a",
                "groups": {},
                "checks": {
                        "setup: login successful": {
                            "path": "::setup::setup: login successful",
                            "id": "19afc7cfcec34121a8ec6b85169fbdad",
                            "passes": 1,
                            "fails": 0,
                            "name": "setup: login successful"
                        }
                    }
            },
            "Authentication": {
                "name": "Authentication",
                "path": "::Authentication",
                "id": "e27c07c74d84fc697478e1503d425296",
                "groups": {},
                "checks": {
                        "login: status is 200": {
                            "name": "login: status is 200",
                            "path": "::Authentication::login: status is 200",
                            "id": "c03c6f05ccac9e7fb699457a320100be",
                            "passes": 1504,
                            "fails": 0
                        },
                        "login: has access_token": {
                            "name": "login: has access_token",
                            "path": "::Authentication::login: has access_token",
                            "id": "01fdbf00e2c8438d6af361cbf8e88a7e",
                            "passes": 1504,
                            "fails": 0
                        }
                    }
            },
            "Read Operations": {
                "name": "Read Operations",
                "path": "::Read Operations",
                "id": "7eee4b2c27796bc8c6d995c0d84e8a4b",
                "groups": {},
                "checks": {
                        "get profile: status is 200": {
                            "name": "get profile: status is 200",
                            "path": "::Read Operations::get profile: status is 200",
                            "id": "7d5c05780632fbcf1ad0e56e47d2fbe4",
                            "passes": 1504,
                            "fails": 0
                        },
                        "get profile: has data": {
                            "name": "get profile: has data",
                            "path": "::Read Operations::get profile: has data",
                            "id": "9736cb6ae6df9c556744bc7a1416620d",
                            "passes": 1504,
                            "fails": 0
                        },
                        "get limits: status is 200": {
                            "id": "805a358590fc1438c07ea1ac524375c2",
                            "passes": 1504,